{"cameraMode":{"drawMode":0,"name":"Shaded","section":"Shading Mode"},"sceneLighting":false,"audioPlay":false,"sceneViewState":{"showFog":false,"showMaterialUpdate":false,"showSkybox":false,"showFlares":false,"showImageEffects":false,"showParticleSystems":false},"in2DMode":false,"pivot":{"x":280.03509521484377,"y":156.119140625,"z":0.377685546875},"rotation":{"x":0.02254023402929306,"y":0.9745345115661621,"z":-0.19127508997917176,"w":0.11484106630086899},"size":311.4731140136719,"orthographic":false}